<?xml version="1.0" encoding="UTF-8"?>
<beans:beans xmlns="http://www.springframework.org/schema/mvc"
	xmlns:xsi="http://www.w3.org/2001/XMLSchema-instance"
	xmlns:beans="http://www.springframework.org/schema/beans"
	xmlns:context="http://www.springframework.org/schema/context"
	xsi:schemaLocation="http://www.springframework.org/schema/mvc http://www.springframework.org/schema/mvc/spring-mvc.xsd
		http://www.springframework.org/schema/beans http://www.springframework.org/schema/beans/spring-beans.xsd
		http://www.springframework.org/schema/context http://www.springframework.org/schema/context/spring-context.xsd">

	<!-- DispatcherServlet Context: defines this servlet's request-processing infrastructure -->
	
	<!-- Enables the Spring MVC @Controller programming model -->
	<annotation-driven />

	<!-- Handles HTTP GET requests for /resources/** by efficiently serving up static resources in the ${webappRoot}/resources directory -->
	<resources mapping="/resources/**" location="/resources/" />

	<!-- xml에 등록된 id와 비교하여 처리할 대상인지 확인한다. -->
	<beans:bean class="org.springframework.web.servlet.view.XmlViewResolver">
	   <beans:property name="location">
	       <beans:value>/WEB-INF/spring-pdf-views.xml</beans:value>
	   </beans:property>
	   <beans:property name="order" value="0" />
	</beans:bean>
	
	<!-- Resolves views selected for rendering by @Controllers to .jsp resources in the /WEB-INF/views directory -->
	<beans:bean class="org.springframework.web.servlet.view.InternalResourceViewResolver">
		<beans:property name="prefix" value="/WEB-INF/views/" />
		<beans:property name="suffix" value=".jsp" />
		<beans:property name="order" value="1" />
	</beans:bean>
	
	<context:component-scan base-package="com.jacademy.pdf" />
	
	<!-- 컨트롤러 클래스이름에서 Controller를 뗀 나머지 이름과 매칭시켜 해당하는 컨트롤러를 호출한다. -->
	<beans:bean class="org.springframework.web.servlet.mvc.support.ControllerClassNameHandlerMapping" />

	<!-- 컨트롤러를 빈으로 등록 -->
	<beans:bean class="com.jacademy.pdf.RevenueReportController" />
	
</beans:beans>
