<?xml version="1.0" encoding="UTF-8"?>
<beans xmlns="http://www.springframework.org/schema/beans"
	xmlns:xsi="http://www.w3.org/2001/XMLSchema-instance"
	xsi:schemaLocation="http://www.springframework.org/schema/beans http://www.springframework.org/schema/beans/spring-beans.xsd">

	<!-- Root Context: defines shared resources visible to all other web components -->
	<bean id="messageSource" class="org.springframework.context.support.ReloadableResourceBundleMessageSource">
		<property name="basenames">
			<list>
				<value>classpath:properties/login</value>
			</list>
		</property>
		<property name="defaultEncoding" value="UTF-8" />
		<property name="fallbackToSystemLocale" value="false"/>
	</bean>
	
	<bean id="localeResolver" class="org.springframework.web.servlet.i18n.SessionLocaleResolver">
		<property name="defaultLocale" value="ko" />
	</bean>
	
	<!-- 
	404에 대한 예외 처리는 SimpleMappingExceptionResolver에서 처리를 하지 못한다.
	 -->
	<bean class="org.springframework.web.servlet.handler.SimpleMappingExceptionResolver">
		<!-- <property name="defaultErrorView" value="error/errorDefault" /> -->
		<property name="exceptionMappings">
			<props>
				<prop key="com.jacademy.a02mvc.exception.CustomGenericException">error/errorCustom</prop>
				<!-- <prop key="java.lang.Exception">error/errorException</prop> -->
			</props>
		</property>
	</bean>
</beans>
